ID,Benchmark,Data_Indices,Status,Error_Type
hotpotqa_3_0,hotpotqa,1188_1455_2356_441_682,verified_correct,
hotpotqa_4_0,hotpotqa,291_2582_1975_3883,verified_correct,
hotpotqa_2_0,hotpotqa,687_2929_1713_416_2258,verified_incorrect,
hotpotqa_1_0,hotpotqa,2049_212_3471_1092,verified_incorrect,
hotpotqa_0_0,hotpotqa,3656_1762_2320_3930_2254,verified_correct,
hotpotqa_8_0,hotpotqa,3785_2603_853_44_3771,execution_failed,TypeError
hotpotqa_5_0,hotpotqa,2272_2533_2339_2972_3131,verified_correct,
hotpotqa_9_0,hotpotqa,664_2744_2890_57,verified_correct,
hotpotqa_6_0,hotpotqa,2900_1168_909_3216_1937,verified_correct,
hotpotqa_7_0,hotpotqa,1990_3699_640_196_3543,verified_incorrect,
hotpotqa_13_0,hotpotqa,1918_2337_637_636_1808,verified_incorrect,
hotpotqa_12_0,hotpotqa,972_507_935_799,verified_correct,
hotpotqa_11_0,hotpotqa,2035_714_1972_170,verified_correct,
hotpotqa_10_0,hotpotqa,720_821_1032_1031_3578,verified_correct,
hotpotqa_14_0,hotpotqa,570_2742_3873_2851,verified_correct,
hotpotqa_19_0,hotpotqa,1473_3870_3442_630,verified_correct,
hotpotqa_15_0,hotpotqa,3144_1669_2542_47,verified_correct,
hotpotqa_18_0,hotpotqa,865_920_3626_2731,verified_correct,
hotpotqa_16_0,hotpotqa,139_776_653_1236,verified_correct,
hotpotqa_17_0,hotpotqa,2316_2314_2908_1491,verified_correct,
hotpotqa_24_0,hotpotqa,1951_2497_83_2410_2868,verified_correct,
hotpotqa_21_0,hotpotqa,2095_681_1550_3687_1403,verified_correct,
hotpotqa_23_0,hotpotqa,902_223_2673_2340_3588,verified_correct,
hotpotqa_22_0,hotpotqa,917_3612_3554_498,verified_correct,
hotpotqa_20_0,hotpotqa,2916_432_694_114_1634,verified_correct,
hotpotqa_27_0,hotpotqa,3620_3032_1278_2503,verified_correct,
hotpotqa_25_0,hotpotqa,3385_377_2291_445,verified_correct,
hotpotqa_26_0,hotpotqa,1613_3117_3537_3455,verified_correct,
hotpotqa_28_0,hotpotqa,3874_249_2466_536_751,verified_correct,
hotpotqa_29_0,hotpotqa,3526_2853_2302_1651_1151,verified_correct,
hotpotqa_30_0,hotpotqa,3362_1597_986_1123_529,verified_correct,
hotpotqa_33_0,hotpotqa,1364_71_3564_1446,verified_correct,
hotpotqa_34_0,hotpotqa,2181_2009_863_984,verified_correct,
hotpotqa_31_0,hotpotqa,1061_2709_1051_3760,verified_correct,
hotpotqa_32_0,hotpotqa,1790_3472_468_2480_2331,verified_correct,
hotpotqa_38_0,hotpotqa,1939_3116_2326_2270_3800,verified_correct,
hotpotqa_36_0,hotpotqa,2092_3700_1968_2983,verified_correct,
hotpotqa_37_0,hotpotqa,3742_1072_1588_3250_2968,verified_correct,
hotpotqa_39_0,hotpotqa,3391_1950_3510_242_3257,verified_correct,
hotpotqa_35_0,hotpotqa,706_607_270_3500,verified_incorrect,
hotpotqa_44_0,hotpotqa,1035_518_3570_1572,verified_correct,
hotpotqa_40_0,hotpotqa,1195_3955_759_2149,verified_correct,
hotpotqa_42_0,hotpotqa,667_1329_3925_2522_2053,verified_correct,
hotpotqa_43_0,hotpotqa,2575_2277_3945_2665,verified_incorrect,
hotpotqa_41_0,hotpotqa,2656_3848_228_1359_2371,verified_correct,
hotpotqa_48_0,hotpotqa,3812_1225_3399_70,verified_correct,
hotpotqa_49_0,hotpotqa,1987_3811_567_1971,verified_correct,
hotpotqa_46_0,hotpotqa,2232_2702_2843_160,verified_correct,
hotpotqa_47_0,hotpotqa,990_3045_2194_2636,verified_correct,
hotpotqa_45_0,hotpotqa,524_3498_2348_3683,verified_correct,
hotpotqa_52_0,hotpotqa,2943_966_3821_1695,verified_correct,
hotpotqa_53_0,hotpotqa,1837_1777_1086_3611_841,verified_correct,
hotpotqa_50_0,hotpotqa,1938_2383_2424_1705,verified_correct,
hotpotqa_54_0,hotpotqa,7_1404_1048_740_143,verified_correct,
hotpotqa_51_0,hotpotqa,1238_1940_1302_3634_3863,verified_correct,
hotpotqa_55_0,hotpotqa,2738_526_1504_2608,verified_correct,
hotpotqa_56_0,hotpotqa,2101_738_3521_725,verified_correct,
hotpotqa_57_0,hotpotqa,2848_1_2235_2799,verified_incorrect,
hotpotqa_58_0,hotpotqa,3289_1866_3731_3950,verified_incorrect,
hotpotqa_61_0,hotpotqa,2880_2079_393_2212_3004,verified_correct,
hotpotqa_63_0,hotpotqa,3562_806_2143_1674_3224,verified_correct,
hotpotqa_62_0,hotpotqa,3898_1254_680_3304_953,verified_correct,
hotpotqa_60_0,hotpotqa,273_2647_1234_1181,verified_correct,
hotpotqa_68_0,hotpotqa,2781_3340_2228_3201,verified_correct,
hotpotqa_66_0,hotpotqa,42_2409_2980_2601_1309,verified_correct,
hotpotqa_65_0,hotpotqa,2941_1370_1009_2783,verified_correct,
hotpotqa_67_0,hotpotqa,2639_508_963_1766,verified_correct,
hotpotqa_69_0,hotpotqa,3337_3248_1444_3278,verified_correct,
hotpotqa_72_0,hotpotqa,1132_1934_618_2479,verified_correct,
hotpotqa_74_0,hotpotqa,1382_1859_3833_892_1853,verified_correct,
hotpotqa_73_0,hotpotqa,1158_3102_3880_144_2245,execution_failed,ValidationError
hotpotqa_70_0,hotpotqa,1994_2481_1573_3838,verified_correct,
hotpotqa_71_0,hotpotqa,2060_409_3420_2139_3167,verified_correct,
hotpotqa_78_0,hotpotqa,3616_1138_1988_1396,verified_correct,
hotpotqa_77_0,hotpotqa,2981_679_1662_3273,verified_correct,
hotpotqa_79_0,hotpotqa,3338_2353_2084_53_308,verified_correct,
hotpotqa_76_0,hotpotqa,2931_3073_760_2725,verified_correct,
hotpotqa_75_0,hotpotqa,2727_2445_2172_2206,verified_incorrect,
hotpotqa_82_0,hotpotqa,2630_2458_52_544_1721,verified_correct,
hotpotqa_84_0,hotpotqa,3325_12_3177_454,verified_correct,
hotpotqa_80_0,hotpotqa,1184_247_2811_927,verified_correct,
hotpotqa_83_0,hotpotqa,3761_2287_3328_202_2623,verified_correct,
hotpotqa_87_0,hotpotqa,457_1682_3418_3494,verified_correct,
hotpotqa_86_0,hotpotqa,1532_1537_2543_2278,verified_correct,
hotpotqa_88_0,hotpotqa,3994_2645_675_622,verified_correct,
hotpotqa_91_0,hotpotqa,3360_3970_2685_623_1653,verified_correct,
hotpotqa_90_0,hotpotqa,1409_1617_150_3766_2203,verified_correct,
hotpotqa_94_0,hotpotqa,2442_1316_1410_2398,verified_correct,
hotpotqa_92_0,hotpotqa,1298_1464_2977_1894_2988,verified_correct,
hotpotqa_93_0,hotpotqa,1155_3813_326_843_181,verified_correct,
hotpotqa_97_0,hotpotqa,18_339_2338_2667,verified_correct,
hotpotqa_95_0,hotpotqa,92_925_3306_1447,verified_correct,
hotpotqa_96_0,hotpotqa,1724_3530_1292_3196_1335,verified_incorrect,
hotpotqa_99_0,hotpotqa,220_108_1010_3149_3501,verified_correct,
hotpotqa_98_0,hotpotqa,3750_3235_3933_482,verified_correct,
hotpotqa_101_0,hotpotqa,772_2455_1850_2312_1405,verified_correct,
hotpotqa_100_0,hotpotqa,2879_3795_736_3354,verified_correct,
hotpotqa_104_0,hotpotqa,2882_787_295_710_764,verified_correct,
hotpotqa_103_0,hotpotqa,1590_1688_1088_1261,verified_correct,
hotpotqa_102_0,hotpotqa,250_2456_737_2297_161,verified_correct,
hotpotqa_109_0,hotpotqa,509_1355_50_745,verified_correct,
hotpotqa_107_0,hotpotqa,785_2482_945_1578,verified_correct,
hotpotqa_108_0,hotpotqa,2200_1350_1356_1458_1809,verified_incorrect,
hotpotqa_106_0,hotpotqa,3649_1097_771_744_303,verified_correct,
hotpotqa_105_0,hotpotqa,3796_2052_1542_846,verified_correct,
hotpotqa_113_0,hotpotqa,313_686_1747_3281,execution_failed,ValidationError
hotpotqa_112_0,hotpotqa,2570_3303_2902_272,verified_correct,
hotpotqa_110_0,hotpotqa,704_3160_1710_2643_2679,verified_correct,
hotpotqa_111_0,hotpotqa,1511_3718_1915_3655,verified_correct,
hotpotqa_114_0,hotpotqa,2666_3993_2378_3429_3839,verified_correct,
hotpotqa_117_0,hotpotqa,2435_2478_2801_2082_2078,verified_correct,
hotpotqa_116_0,hotpotqa,3454_253_3480_851_3725,verified_correct,
hotpotqa_118_0,hotpotqa,2964_589_1223_3229_1549,verified_correct,
hotpotqa_115_0,hotpotqa,3379_3443_1650_3732,verified_incorrect,
hotpotqa_119_0,hotpotqa,421_3781_3713_3776,verified_correct,
hotpotqa_120_0,hotpotqa,658_1496_2812_90_1336,verified_correct,
hotpotqa_124_0,hotpotqa,3148_75_3814_541_8,verified_correct,
hotpotqa_122_0,hotpotqa,3597_2706_2385_2474,verified_correct,
hotpotqa_123_0,hotpotqa,3719_3593_113_3226,verified_correct,
hotpotqa_121_0,hotpotqa,1202_497_2948_3912,verified_correct,
hotpotqa_127_0,hotpotqa,964_1582_1005_885_1173,verified_correct,
hotpotqa_126_0,hotpotqa,1149_1703_654_3806,verified_correct,
hotpotqa_125_0,hotpotqa,1395_3623_3960_2037_2937,verified_correct,
hotpotqa_128_0,hotpotqa,3437_3305_2174_499,verified_incorrect,
hotpotqa_129_0,hotpotqa,234_3462_252_999_1004,verified_correct,
hotpotqa_130_0,hotpotqa,138_2024_753_1888_1906,verified_correct,
hotpotqa_133_0,hotpotqa,3031_1658_1788_437_413,verified_incorrect,
hotpotqa_131_0,hotpotqa,1897_3497_2505_1440,verified_incorrect,
hotpotqa_134_0,hotpotqa,3825_2898_217_2317,verified_correct,
hotpotqa_132_0,hotpotqa,1805_1069_2309_1676_2671,verified_correct,
hotpotqa_138_0,hotpotqa,3639_2413_1367_840,verified_correct,
hotpotqa_139_0,hotpotqa,361_3240_206_1327_2893,verified_correct,
hotpotqa_137_0,hotpotqa,3802_3179_1045_378_3446,verified_correct,
hotpotqa_136_0,hotpotqa,2477_2736_951_1631_1540,verified_correct,
hotpotqa_135_0,hotpotqa,3614_115_2833_2897,verified_correct,
hotpotqa_141_0,hotpotqa,1494_3112_3048_1084,verified_correct,
hotpotqa_144_0,hotpotqa,3349_3603_321_501,verified_correct,
hotpotqa_143_0,hotpotqa,739_2224_3572_3157,verified_correct,
hotpotqa_142_0,hotpotqa,2526_1186_3758_1357_2662,verified_correct,
hotpotqa_140_0,hotpotqa,2006_3892_3516_2286,verified_correct,
hotpotqa_148_0,hotpotqa,2760_1895_3280_3081_3868,verified_correct,
hotpotqa_147_0,hotpotqa,3535_3643_3907_266_33,verified_correct,
hotpotqa_146_0,hotpotqa,3587_2365_3430_1288_1672,verified_incorrect,
hotpotqa_145_0,hotpotqa,1654_975_2960_3096,verified_correct,
hotpotqa_149_0,hotpotqa,662_1976_384_924,verified_correct,
hotpotqa_154_0,hotpotqa,1802_1125_2255_855_3615,verified_correct,
hotpotqa_153_0,hotpotqa,3986_2536_2837_84_3052,verified_correct,
hotpotqa_150_0,hotpotqa,2974_1221_1312_2699_3973,verified_correct,
hotpotqa_152_0,hotpotqa,2216_579_3171_2886_23,verified_correct,
hotpotqa_151_0,hotpotqa,897_3374_1661_1050_3921,verified_correct,
hotpotqa_158_0,hotpotqa,3255_2574_2695_1893,verified_correct,
hotpotqa_155_0,hotpotqa,1214_3686_721_3832,verified_incorrect,
hotpotqa_156_0,hotpotqa,153_2604_3050_1839,verified_correct,
hotpotqa_159_0,hotpotqa,2_128_2003_3922_1755,verified_incorrect,
hotpotqa_157_0,hotpotqa,1253_2344_2494_2739,verified_correct,
hotpotqa_163_0,hotpotqa,3692_1670_3894_1208,verified_correct,
hotpotqa_162_0,hotpotqa,3720_3658_1126_164,verified_correct,
hotpotqa_160_0,hotpotqa,3009_1448_3523_1425_2434,verified_correct,
hotpotqa_164_0,hotpotqa,650_3396_774_1426,verified_correct,
hotpotqa_161_0,hotpotqa,948_2300_1826_3208,verified_correct,
hotpotqa_169_0,hotpotqa,1960_3439_1460_1983,execution_failed,ValidationError
hotpotqa_168_0,hotpotqa,1892_3703_2199_3008,verified_correct,
hotpotqa_167_0,hotpotqa,209_3971_167_1483,verified_correct,
hotpotqa_165_0,hotpotqa,1071_399_2491_1635,verified_correct,
hotpotqa_166_0,hotpotqa,3262_1926_97_54,verified_correct,
hotpotqa_170_0,hotpotqa,2668_2684_2866_2576,verified_correct,
hotpotqa_172_0,hotpotqa,3049_2276_1227_2019_2190,verified_correct,
hotpotqa_173_0,hotpotqa,2202_3736_3675_3507_1351,verified_correct,
hotpotqa_174_0,hotpotqa,1205_3425_3043_2516_3169,verified_correct,
hotpotqa_171_0,hotpotqa,350_43_1059_2360_2363,verified_correct,
hotpotqa_177_0,hotpotqa,403_2008_1712_2787_3511,verified_correct,
hotpotqa_179_0,hotpotqa,2144_1127_3218_2301,verified_correct,
hotpotqa_175_0,hotpotqa,243_231_2913_652,verified_correct,
hotpotqa_178_0,hotpotqa,3302_1147_3788_2844_1849,verified_incorrect,
hotpotqa_176_0,hotpotqa,3632_2177_1562_1510_1736,verified_correct,
hotpotqa_183_0,hotpotqa,1096_823_1794_2284_3752,verified_correct,
hotpotqa_182_0,hotpotqa,2773_1256_1146_620,verified_correct,
hotpotqa_181_0,hotpotqa,2127_2652_2250_210_3414,verified_correct,
hotpotqa_184_0,hotpotqa,949_440_2126_3203_3977,verified_correct,
hotpotqa_180_0,hotpotqa,3875_1925_510_3125_3036,verified_correct,
hotpotqa_187_0,hotpotqa,2414_1970_2538_3489,verified_correct,
hotpotqa_186_0,hotpotqa,2815_3181_10_1170,verified_correct,
hotpotqa_185_0,hotpotqa,438_3539_3061_2514_1524,verified_correct,
hotpotqa_188_0,hotpotqa,558_723_788_2299,verified_correct,
hotpotqa_189_0,hotpotqa,3522_3701_1160_3290,verified_correct,
hotpotqa_192_0,hotpotqa,2354_1601_2209_2581_3236,verified_correct,
hotpotqa_190_0,hotpotqa,3449_3371_3989_2681,verified_correct,
hotpotqa_191_0,hotpotqa,1342_3197_3141_2011,verified_correct,
hotpotqa_193_0,hotpotqa,3716_22_895_3347,verified_correct,
hotpotqa_194_0,hotpotqa,2551_741_2007_2487,verified_incorrect,
hotpotqa_199_0,hotpotqa,125_1085_525_290_2927,verified_correct,
hotpotqa_195_0,hotpotqa,3854_1248_2196_1121,verified_incorrect,
hotpotqa_198_0,hotpotqa,3544_1535_2112_1344_24,verified_correct,
hotpotqa_197_0,hotpotqa,1110_19_1834_3163_2221,verified_correct,
hotpotqa_196_0,hotpotqa,2436_1090_1415_2653,verified_correct,
hotpotqa_203_0,hotpotqa,2269_758_1652_2237_3322,verified_correct,
hotpotqa_204_0,hotpotqa,3234_1457_1666_2133_2130,verified_correct,
hotpotqa_202_0,hotpotqa,3451_1255_1204_3864_752,verified_correct,
hotpotqa_200_0,hotpotqa,230_2308_1743_2089_3002,verified_incorrect,
hotpotqa_201_0,hotpotqa,1462_1252_2617_2567,verified_correct,
hotpotqa_209_0,hotpotqa,2146_3015_1627_425_2921,verified_correct,
hotpotqa_207_0,hotpotqa,1860_2743_979_1513,verified_correct,
hotpotqa_205_0,hotpotqa,3488_3180_815_1911_2995,verified_correct,
hotpotqa_206_0,hotpotqa,1281_2852_718_1630_2729,verified_correct,
hotpotqa_208_0,hotpotqa,3103_756_1465_2324,verified_correct,
hotpotqa_213_0,hotpotqa,542_3285_3608_3075,verified_correct,
hotpotqa_212_0,hotpotqa,1337_604_762_3951,verified_correct,
hotpotqa_214_0,hotpotqa,3773_3932_2066_2920,verified_correct,
hotpotqa_211_0,hotpotqa,3221_396_3239_2701,verified_correct,
hotpotqa_210_0,hotpotqa,2341_1784_3569_3194_547,verified_correct,
hotpotqa_215_0,hotpotqa,660_1152_689_2229_1908,verified_correct,
hotpotqa_219_0,hotpotqa,119_757_3949_2421_3954,verified_correct,
hotpotqa_217_0,hotpotqa,1197_1664_1556_2951_2611,verified_correct,
hotpotqa_216_0,hotpotqa,3943_1528_857_888,verified_correct,
hotpotqa_218_0,hotpotqa,1758_2279_3958_485,verified_correct,
hotpotqa_223_0,hotpotqa,2850_258_1889_424,verified_incorrect,
hotpotqa_222_0,hotpotqa,199_1265_3540_1093,verified_correct,
hotpotqa_224_0,hotpotqa,2564_614_216_3751_500,verified_correct,
hotpotqa_221_0,hotpotqa,3729_887_1091_3565,verified_correct,
hotpotqa_220_0,hotpotqa,2985_872_3486_3145,verified_correct,
hotpotqa_225_0,hotpotqa,538_1769_3877_1980,verified_incorrect,
hotpotqa_227_0,hotpotqa,297_601_3088_2004,verified_correct,
hotpotqa_228_0,hotpotqa,1952_1519_3078_603,verified_correct,
hotpotqa_229_0,hotpotqa,3840_469_2217_2076,verified_correct,
hotpotqa_226_0,hotpotqa,1418_1913_1469_696,verified_correct,
hotpotqa_233_0,hotpotqa,2642_3680_2380_665,verified_correct,
hotpotqa_230_0,hotpotqa,3341_2721_305_317,verified_correct,
hotpotqa_231_0,hotpotqa,3948_1533_847_3412_3610,verified_incorrect,
hotpotqa_234_0,hotpotqa,3344_2614_2296_617_2465,verified_correct,
hotpotqa_232_0,hotpotqa,2432_3485_1054_1003_2947,verified_correct,
hotpotqa_235_0,hotpotqa,2620_2740_1680_1481,execution_failed,ValidationError
hotpotqa_239_0,hotpotqa,1206_2705_645_1294,verified_correct,
hotpotqa_238_0,hotpotqa,2415_341_2915_3532_1257,verified_correct,
hotpotqa_237_0,hotpotqa,2889_156_121_3104,verified_correct,
hotpotqa_236_0,hotpotqa,1840_1372_201_3745,verified_correct,
hotpotqa_240_0,hotpotqa,26_3786_2025_2377_244,verified_correct,
hotpotqa_242_0,hotpotqa,1423_2860_2266_3323_2544,verified_correct,
hotpotqa_241_0,hotpotqa,947_226_471_837,verified_correct,
hotpotqa_244_0,hotpotqa,715_2693_2580_3483_1798,verified_correct,
hotpotqa_243_0,hotpotqa,2440_3512_512_372_1733,verified_correct,
hotpotqa_249_0,hotpotqa,1211_1699_2956_2795,verified_correct,
hotpotqa_246_0,hotpotqa,3890_152_805_3309,verified_incorrect,
hotpotqa_247_0,hotpotqa,898_1012_2884_264,verified_correct,
hotpotqa_248_0,hotpotqa,513_1623_3355_3525,verified_correct,
hotpotqa_245_0,hotpotqa,2264_3390_3189_3287_2759,verified_incorrect,
hotpotqa_250_0,hotpotqa,337_354_1141_3038_466,verified_correct,
hotpotqa_254_0,hotpotqa,29_1119_104_3461,verified_correct,
hotpotqa_251_0,hotpotqa,3635_2687_2794_3395_311,verified_correct,
hotpotqa_252_0,hotpotqa,830_2768_240_395_1886,verified_correct,
hotpotqa_253_0,hotpotqa,2714_899_6_3066_3448,verified_correct,
hotpotqa_257_0,hotpotqa,2565_1599_3964_3585,verified_correct,
hotpotqa_259_0,hotpotqa,2548_1454_3392_3696_3698,verified_correct,
hotpotqa_256_0,hotpotqa,1750_2881_2498_2578,verified_correct,
hotpotqa_255_0,hotpotqa,3114_2746_867_1435,verified_incorrect,
hotpotqa_258_0,hotpotqa,2160_2953_1929_379_3252,verified_correct,
hotpotqa_260_0,hotpotqa,1505_3020_3111_2597,verified_correct,
hotpotqa_261_0,hotpotqa,1001_99_3307_2502,verified_correct,
hotpotqa_264_0,hotpotqa,778_3737_2469_3678,verified_incorrect,
hotpotqa_263_0,hotpotqa,1290_1388_699_3017_735,verified_incorrect,
hotpotqa_262_0,hotpotqa,515_2382_397_1639_845,verified_incorrect,
hotpotqa_269_0,hotpotqa,182_3792_2541_3029,verified_correct,
hotpotqa_267_0,hotpotqa,1284_2552_1823_795,verified_correct,
hotpotqa_265_0,hotpotqa,1228_3872_2698_2823_3851,verified_correct,
hotpotqa_268_0,hotpotqa,3211_3717_3445_3862,verified_correct,
hotpotqa_266_0,hotpotqa,565_3842_3424_2405_3146,verified_correct,
hotpotqa_271_0,hotpotqa,1354_3991_2535_1554_712,verified_correct,
hotpotqa_273_0,hotpotqa,453_3819_801_3998_3003,verified_correct,
hotpotqa_270_0,hotpotqa,3408_3470_2883_3969,verified_correct,
hotpotqa_272_0,hotpotqa,1407_3393_2765_2632_2150,verified_correct,
hotpotqa_274_0,hotpotqa,2919_1124_3126_478,verified_correct,
hotpotqa_277_0,hotpotqa,824_543_3172_3914,execution_failed,UnboundLocalError
hotpotqa_279_0,hotpotqa,3757_2910_1346_3296_938,verified_correct,
hotpotqa_278_0,hotpotqa,954_540_1686_3105,verified_correct,
hotpotqa_276_0,hotpotqa,3228_79_3682_2946_278,verified_correct,
hotpotqa_275_0,hotpotqa,174_2000_2420_2175_1251,verified_correct,
hotpotqa_282_0,hotpotqa,3357_1600_1016_1541_208,verified_correct,
hotpotqa_283_0,hotpotqa,1432_2779_3809_3515,verified_correct,
hotpotqa_284_0,hotpotqa,2583_3818_2085_27,verified_incorrect,
hotpotqa_281_0,hotpotqa,2528_1928_1512_1213_1959,verified_correct,
hotpotqa_280_0,hotpotqa,1687_2802_2293_69_2115,verified_correct,
hotpotqa_288_0,hotpotqa,2083_1538_1308_2797,verified_correct,
hotpotqa_287_0,hotpotqa,2568_546_765_1836_3905,verified_correct,
hotpotqa_286_0,hotpotqa,3118_2939_3793_3891_1996,verified_correct,
hotpotqa_289_0,hotpotqa,1811_1637_3232_241_1479,verified_correct,
hotpotqa_285_0,hotpotqa,3824_293_2318_2044,verified_incorrect,
hotpotqa_290_0,hotpotqa,185_2606_3193_1543,verified_correct,
hotpotqa_291_0,hotpotqa,496_912_1083_1616,verified_correct,
hotpotqa_293_0,hotpotqa,3640_1451_1295_1961,verified_correct,
hotpotqa_292_0,hotpotqa,1107_3286_3184_1291_1632,execution_failed,ValidationError
hotpotqa_294_0,hotpotqa,3400_3592_812_2050,verified_correct,
hotpotqa_299_0,hotpotqa,3026_3637_426_691,verified_correct,
hotpotqa_298_0,hotpotqa,1642_3291_56_146_3920,verified_correct,
hotpotqa_295_0,hotpotqa,3944_1334_3254_1360,verified_correct,
hotpotqa_296_0,hotpotqa,406_955_1828_655_2911,verified_correct,
hotpotqa_297_0,hotpotqa,187_557_3401_287,verified_correct,
hotpotqa_302_0,hotpotqa,2185_2496_1832_1424_3230,verified_correct,
hotpotqa_301_0,hotpotqa,1193_349_3175_263_996,verified_correct,
hotpotqa_303_0,hotpotqa,2793_3436_1693_761,verified_correct,
hotpotqa_300_0,hotpotqa,3058_2290_3095_1374_2786,verified_incorrect,
hotpotqa_304_0,hotpotqa,3450_2641_1207_2862,verified_incorrect,
hotpotqa_306_0,hotpotqa,2861_2873_286_2700_3033,execution_failed,ValidationError
hotpotqa_307_0,hotpotqa,1049_3062_1955_2321_3770,verified_correct,
hotpotqa_309_0,hotpotqa,3909_3030_693_3591,verified_correct,
hotpotqa_305_0,hotpotqa,1898_318_1953_3965,verified_correct,
hotpotqa_308_0,hotpotqa,3381_988_3422_1963,verified_correct,
hotpotqa_312_0,hotpotqa,644_803_1966_2450_3775,verified_correct,
hotpotqa_314_0,hotpotqa,656_1283_533_2129,verified_correct,
hotpotqa_310_0,hotpotqa,3738_3782_2912_684,verified_correct,
hotpotqa_313_0,hotpotqa,3245_1560_800_893_3559,verified_correct,
hotpotqa_311_0,hotpotqa,195_1557_724_2158_613,verified_correct,
hotpotqa_315_0,hotpotqa,1266_2752_568_2047,verified_correct,
hotpotqa_317_0,hotpotqa,2841_1881_980_3407_2622,verified_correct,
hotpotqa_319_0,hotpotqa,520_572_1162_2164_1115,verified_correct,
hotpotqa_318_0,hotpotqa,2426_3657_288_3983,verified_correct,
hotpotqa_316_0,hotpotqa,3168_639_329_1277,verified_correct,
hotpotqa_322_0,hotpotqa,1706_3202_155_1973,verified_correct,
hotpotqa_323_0,hotpotqa,1831_606_810_2408,verified_correct,
hotpotqa_321_0,hotpotqa,2030_813_3404_2649_1038,verified_correct,
hotpotqa_320_0,hotpotqa,2635_2994_2021_3852_792,verified_correct,
hotpotqa_324_0,hotpotqa,96_1025_809_933_2492,verified_incorrect,
hotpotqa_329_0,hotpotqa,573_2214_1702_80,verified_incorrect,
hotpotqa_325_0,hotpotqa,3463_14_3206_1995_267,verified_incorrect,
hotpotqa_328_0,hotpotqa,1575_2828_1591_1318,verified_correct,
hotpotqa_326_0,hotpotqa,2054_374_1301_2210_3618,verified_correct,
hotpotqa_327_0,hotpotqa,1172_300_3816_132_1106,verified_correct,
hotpotqa_330_0,hotpotqa,831_2857_279_159,verified_correct,
hotpotqa_333_0,hotpotqa,1419_916_268_3,verified_correct,
hotpotqa_332_0,hotpotqa,3941_316_1100_2179,verified_correct,
hotpotqa_331_0,hotpotqa,1027_3929_1347_3504_648,verified_correct,
hotpotqa_334_0,hotpotqa,3568_1365_2780_3690,verified_correct,
hotpotqa_339_0,hotpotqa,1546_1198_2975_600_3253,verified_correct,
hotpotqa_338_0,hotpotqa,1103_877_798_2061,verified_correct,
hotpotqa_336_0,hotpotqa,2375_2969_489_1579,verified_correct,
hotpotqa_335_0,hotpotqa,3906_1689_3755_3491,verified_correct,
hotpotqa_337_0,hotpotqa,2722_2161_782_1677,verified_incorrect,
hotpotqa_343_0,hotpotqa,2723_2959_2058_2346_1183,verified_correct,
hotpotqa_342_0,hotpotqa,3871_2878_611_3827,verified_correct,
hotpotqa_344_0,hotpotqa,3663_2154_3893_1820,verified_incorrect,
hotpotqa_340_0,hotpotqa,3518_1539_2733_1865,verified_correct,
hotpotqa_341_0,hotpotqa,3533_2806_1923_5_3753,verified_correct,
hotpotqa_348_0,hotpotqa,3079_1269_177_3837,verified_correct,
hotpotqa_349_0,hotpotqa,3748_2452_2595_3121,verified_correct,
hotpotqa_347_0,hotpotqa,3858_2223_2591_3130_1007,verified_correct,
hotpotqa_346_0,hotpotqa,232_3514_380_1814_3398,verified_correct,
hotpotqa_350_0,hotpotqa,2718_3642_1080_3939_3622,verified_correct,
hotpotqa_352_0,hotpotqa,3534_651_2063_2782,verified_correct,
hotpotqa_353_0,hotpotqa,1459_269_891_3728_3963,verified_correct,
hotpotqa_354_0,hotpotqa,3438_587_254_2155,verified_correct,
hotpotqa_351_0,hotpotqa,3541_1596_3159_296_992,verified_correct,
hotpotqa_359_0,hotpotqa,3284_3710_629_3057,verified_correct,
hotpotqa_357_0,hotpotqa,3913_1381_974_3465,verified_correct,
hotpotqa_358_0,hotpotqa,828_1553_2633_1564,verified_correct,
hotpotqa_355_0,hotpotqa,3467_1164_189_3857_2872,verified_correct,
hotpotqa_356_0,hotpotqa,1262_923_522_2986,verified_correct,
hotpotqa_360_0,hotpotqa,1299_1169_3867_610_342,verified_correct,
hotpotqa_363_0,hotpotqa,3502_3098_284_1717,verified_correct,
hotpotqa_362_0,hotpotqa,1927_2901_2930_3669,verified_correct,
hotpotqa_364_0,hotpotqa,822_1263_107_905,verified_correct,
hotpotqa_361_0,hotpotqa,1053_2033_1862_2152,verified_correct,
hotpotqa_367_0,hotpotqa,793_3156_876_1015_2615,verified_correct,
hotpotqa_365_0,hotpotqa,383_1774_63_2640,verified_correct,
hotpotqa_369_0,hotpotqa,487_2358_1058_3959,verified_incorrect,
hotpotqa_366_0,hotpotqa,2590_2865_3817_2675,verified_incorrect,
hotpotqa_368_0,hotpotqa,1530_3881_1466_1082_1855,verified_correct,
hotpotqa_370_0,hotpotqa,484_834_1745_677_919,verified_incorrect,
hotpotqa_374_0,hotpotqa,1985_309_3138_3199_2471,verified_correct,
hotpotqa_371_0,hotpotqa,493_1604_1760_2987_3416,verified_incorrect,
hotpotqa_373_0,hotpotqa,370_1679_2051_978_3900,verified_correct,
hotpotqa_372_0,hotpotqa,179_2148_1962_2074_3044,verified_correct,
hotpotqa_378_0,hotpotqa,2118_3053_1463_1792_3151,verified_correct,
hotpotqa_377_0,hotpotqa,2081_3990_2807_1363,verified_correct,
hotpotqa_379_0,hotpotqa,365_1643_3047_3985_2940,verified_correct,
hotpotqa_375_0,hotpotqa,1315_2137_1055_158,verified_correct,
hotpotqa_376_0,hotpotqa,1775_2818_3653_585_2323,verified_correct,
hotpotqa_384_0,hotpotqa,985_669_732_3609,verified_correct,
hotpotqa_383_0,hotpotqa,1924_1218_1210_32,verified_correct,
hotpotqa_382_0,hotpotqa,3665_351_3259_157_276,verified_correct,
hotpotqa_381_0,hotpotqa,3815_3754_1326_1806_3953,verified_correct,
hotpotqa_380_0,hotpotqa,1757_3441_2822_1909_2116,verified_correct,
hotpotqa_387_0,hotpotqa,1039_2917_2508_1507,verified_correct,
hotpotqa_388_0,hotpotqa,1796_3225_2075_227,verified_incorrect,
hotpotqa_389_0,hotpotqa,580_1179_2191_2305_30,verified_correct,
hotpotqa_385_0,hotpotqa,126_2416_2311_976_2669,verified_correct,
hotpotqa_386_0,hotpotqa,1649_197_257_2530,verified_incorrect,
hotpotqa_393_0,hotpotqa,914_2747_2546_3617_3711,verified_incorrect,
hotpotqa_390_0,hotpotqa,1331_3896_3087_3432_1863,verified_correct,
hotpotqa_394_0,hotpotqa,1289_1592_564_814_551,verified_correct,
hotpotqa_392_0,hotpotqa,436_2132_2790_1286_3648,verified_correct,
hotpotqa_391_0,hotpotqa,2372_1598_192_2934_2280,verified_correct,
hotpotqa_396_0,hotpotqa,3074_1095_2032_1753,verified_correct,
hotpotqa_397_0,hotpotqa,2461_530_142_838_1726,verified_correct,
hotpotqa_399_0,hotpotqa,3055_3124_2926_1495,verified_correct,
hotpotqa_395_0,hotpotqa,1498_777_327_222_3185,verified_correct,
hotpotqa_398_0,hotpotqa,3190_2554_2923_3274_87,verified_correct,
hotpotqa_404_0,hotpotqa,2268_2288_1486_2758,verified_correct,
hotpotqa_403_0,hotpotqa,2903_1698_2771_3011_1668,verified_correct,
hotpotqa_402_0,hotpotqa,1638_1230_3835_3406,verified_correct,
hotpotqa_400_0,hotpotqa,3339_3577_260_2015,verified_incorrect,
hotpotqa_409_0,hotpotqa,875_1237_2329_1224_3482,verified_incorrect,
hotpotqa_406_0,hotpotqa,3200_1244_3473_3231_3013,verified_incorrect,
hotpotqa_407_0,hotpotqa,1982_3164_3311_3187,verified_incorrect,
hotpotqa_408_0,hotpotqa,2791_3106_2891_2563,verified_correct,
hotpotqa_405_0,hotpotqa,1105_2351_3566_2776,verified_correct,
hotpotqa_410_0,hotpotqa,2099_3170_2922_2661_452,verified_correct,
hotpotqa_413_0,hotpotqa,3070_11_1300_1585_2039,verified_correct,
hotpotqa_414_0,hotpotqa,448_864_2513_2467_1246,verified_incorrect,
hotpotqa_412_0,hotpotqa,1079_148_3377_2831,verified_correct,
hotpotqa_411_0,hotpotqa,301_3051_820_2012_118,verified_correct,
hotpotqa_415_0,hotpotqa,3101_2153_2970_1568_3904,verified_correct,
hotpotqa_417_0,hotpotqa,386_574_3630_2708,verified_correct,
hotpotqa_419_0,hotpotqa,1544_983_3763_962,verified_correct,
hotpotqa_416_0,hotpotqa,3884_1773_2001_419_2394,verified_correct,
hotpotqa_424_0,hotpotqa,531_169_1021_280_274,verified_correct,
hotpotqa_421_0,hotpotqa,1778_1874_1948_3791,verified_correct,
hotpotqa_422_0,hotpotqa,2134_2453_552_921,verified_correct,
hotpotqa_423_0,hotpotqa,1430_804_3320_3294_1614,verified_incorrect,
hotpotqa_420_0,hotpotqa,3129_3979_81_807,verified_correct,
hotpotqa_426_0,hotpotqa,48_2357_3947_2189_3417,verified_correct,
hotpotqa_425_0,hotpotqa,2184_683_4_3082_3207,verified_correct,
hotpotqa_429_0,hotpotqa,422_3469_3876_2789_1741,verified_correct,
hotpotqa_427_0,hotpotqa,2713_1229_3484_2239,verified_correct,
hotpotqa_428_0,hotpotqa,2215_517_360_889,verified_correct,
hotpotqa_430_0,hotpotqa,2678_3016_2422_145,verified_correct,
hotpotqa_434_0,hotpotqa,625_3298_233_1325_3212,verified_incorrect,
hotpotqa_433_0,hotpotqa,2121_2355_1136_1694_2017,verified_correct,
hotpotqa_432_0,hotpotqa,3247_285_862_3952,verified_correct,
hotpotqa_431_0,hotpotqa,3902_1610_3297_2379_1545,verified_correct,
hotpotqa_438_0,hotpotqa,1685_1629_2933_2869,verified_correct,
hotpotqa_439_0,hotpotqa,1570_582_1118_1800,verified_incorrect,
hotpotqa_437_0,hotpotqa,981_3797_3460_3186,verified_correct,
hotpotqa_435_0,hotpotqa,442_3431_3783_2186,verified_correct,
hotpotqa_436_0,hotpotqa,1665_901_2954_3174_583,verified_correct,
hotpotqa_441_0,hotpotqa,1203_3318_3258_1128_926,verified_correct,
hotpotqa_444_0,hotpotqa,1941_519_135_3972,verified_correct,
hotpotqa_443_0,hotpotqa,2104_1810_836_3628_3571,verified_correct,
hotpotqa_440_0,hotpotqa,3519_668_1633_1611,verified_correct,
hotpotqa_442_0,hotpotqa,1700_1730_62_1487,verified_correct,
hotpotqa_449_0,hotpotqa,315_3860_3607_1835,verified_correct,
hotpotqa_448_0,hotpotqa,2376_1841_554_1981,verified_correct,
hotpotqa_446_0,hotpotqa,965_2984_2517_910,verified_correct,
hotpotqa_447_0,hotpotqa,2680_1471_3855_3747,verified_correct,
hotpotqa_452_0,hotpotqa,1368_2100_3910_3426_1729,verified_correct,
hotpotqa_454_0,hotpotqa,1437_2942_3741_987,verified_correct,
hotpotqa_450_0,hotpotqa,3509_842_1756_817_3798,verified_correct,
hotpotqa_453_0,hotpotqa,3834_345_402_298,verified_correct,
hotpotqa_451_0,hotpotqa,2036_2577_3382_1555_2637,verified_correct,
hotpotqa_457_0,hotpotqa,1618_588_2602_2871,verified_correct,
hotpotqa_458_0,hotpotqa,265_2439_2525_1037,verified_incorrect,
hotpotqa_456_0,hotpotqa,3918_3018_2845_1526_818,verified_correct,
hotpotqa_459_0,hotpotqa,3531_3765_1397_2333,verified_correct,
hotpotqa_455_0,hotpotqa,387_915_1235_856_1352,verified_correct,
hotpotqa_460_0,hotpotqa,2555_1042_431_1867_368,verified_correct,
hotpotqa_463_0,hotpotqa,3060_3598_3369_407_405,verified_correct,
hotpotqa_461_0,hotpotqa,1332_2553_1922_1517,verified_correct,
hotpotqa_462_0,hotpotqa,697_1242_2672_2271_2028,verified_correct,
hotpotqa_464_0,hotpotqa,3829_1622_3127_773,verified_correct,
hotpotqa_465_0,hotpotqa,3363_3361_2352_1343_3595,verified_correct,
hotpotqa_469_0,hotpotqa,219_1884_1493_1133,verified_correct,
hotpotqa_468_0,hotpotqa,599_854_1930_1259_1002,verified_correct,
hotpotqa_466_0,hotpotqa,3468_1013_930_1081,verified_correct,
hotpotqa_467_0,hotpotqa,2710_465_556_1812,verified_correct,
hotpotqa_471_0,hotpotqa,3845_154_1737_3410_1767,verified_correct,
hotpotqa_473_0,hotpotqa,3799_472_2275_38,verified_correct,
hotpotqa_470_0,hotpotqa,1401_3110_780_1280,verified_incorrect,
hotpotqa_472_0,hotpotqa,122_2829_3924_2909_3192,verified_correct,
hotpotqa_474_0,hotpotqa,2677_1503_2429_1748_1899,verified_incorrect,
hotpotqa_478_0,hotpotqa,3242_2117_2993_2490_734,verified_correct,
hotpotqa_475_0,hotpotqa,1341_2090_1275_1529_2233,verified_incorrect,
hotpotqa_479_0,hotpotqa,151_1728_2856_1978_2894,verified_correct,
hotpotqa_476_0,hotpotqa,2059_3899_190_3777,verified_correct,
hotpotqa_483_0,hotpotqa,3724_1891_2966_523,verified_correct,
hotpotqa_480_0,hotpotqa,3708_2244_2197_1740_3721,verified_correct,
hotpotqa_482_0,hotpotqa,64_1868_2125_690_2593,verified_correct,
hotpotqa_484_0,hotpotqa,103_1875_331_1109,verified_correct,
hotpotqa_481_0,hotpotqa,2241_3633_3550_2374_2010,verified_correct,
hotpotqa_485_0,hotpotqa,2724_1744_3652_2644,verified_correct,
hotpotqa_486_0,hotpotqa,2775_314_1499_733,verified_correct,
hotpotqa_489_0,hotpotqa,2610_1754_956_1190_3849,verified_incorrect,
hotpotqa_488_0,hotpotqa,3334_674_1931_3324,verified_correct,
hotpotqa_487_0,hotpotqa,881_3090_3147_1714_1877,verified_correct,
hotpotqa_493_0,hotpotqa,3886_3085_2252_3823_1130,verified_correct,
hotpotqa_490_0,hotpotqa,2863_2449_470_598,verified_correct,
hotpotqa_491_0,hotpotqa,890_481_21_3576,verified_correct,
hotpotqa_492_0,hotpotqa,1765_2663_3010_2192,verified_correct,
hotpotqa_494_0,hotpotqa,1389_1067_366_3065_172,verified_correct,
hotpotqa_496_0,hotpotqa,98_3023_1353_3978,verified_correct,
hotpotqa_497_0,hotpotqa,1843_2387_2230_3178,verified_correct,
hotpotqa_498_0,hotpotqa,3499_2238_2322_34,verified_correct,
hotpotqa_495_0,hotpotqa,2107_3100_2124_2110_1979,verified_correct,
hotpotqa_499_0,hotpotqa,1078_3155_346_2965,verified_incorrect,
hotpotqa_503_0,hotpotqa,3348_236_3084_3897_2448,verified_correct,
hotpotqa_504_0,hotpotqa,3769_3266_2088_673_112,verified_correct,
hotpotqa_501_0,hotpotqa,2838_1704_581_3579_1394,verified_incorrect,
hotpotqa_502_0,hotpotqa,1398_2756_3804_3238,verified_correct,
hotpotqa_500_0,hotpotqa,3352_1984_2400_3444,verified_incorrect,
hotpotqa_505_0,hotpotqa,429_3734_1707_2588_722,verified_correct,
hotpotqa_509_0,hotpotqa,136_1772_2157_74_3356,verified_correct,
hotpotqa_508_0,hotpotqa,616_3957_2234_1628,verified_correct,
hotpotqa_506_0,hotpotqa,3551_2686_2707_3421_325,verified_correct,
hotpotqa_507_0,hotpotqa,647_105_2846_2359,verified_correct,
hotpotqa_514_0,hotpotqa,149_475_2071_2476_802,verified_incorrect,
hotpotqa_512_0,hotpotqa,2658_702_779_3143_124,verified_correct,
hotpotqa_511_0,hotpotqa,2114_2654_2041_728,verified_correct,
hotpotqa_510_0,hotpotqa,2767_94_548_1330,verified_correct,
hotpotqa_513_0,hotpotqa,1321_1250_1421_2257_571,verified_correct,
hotpotqa_518_0,hotpotqa,1903_3332_3527_2936_2858,verified_correct,
hotpotqa_519_0,hotpotqa,2624_1659_852_2165,verified_correct,
hotpotqa_515_0,hotpotqa,2619_2534_3677_1467_3402,verified_correct,
hotpotqa_517_0,hotpotqa,1879_566_1515_474_886,verified_correct,
hotpotqa_516_0,hotpotqa,434_335_678_1885_3915,verified_correct,
hotpotqa_521_0,hotpotqa,1241_2682_2412_116,verified_correct,
hotpotqa_523_0,hotpotqa,2864_2249_3503_213,verified_correct,
hotpotqa_520_0,hotpotqa,1947_2404_67_204,verified_correct,
hotpotqa_522_0,hotpotqa,1400_1282_1273_3039_1311,verified_correct,
hotpotqa_524_0,hotpotqa,2342_2766_1989_55,verified_correct,
hotpotqa_529_0,hotpotqa,1240_1833_2809_2928_2361,verified_correct,
hotpotqa_527_0,hotpotqa,1824_3879_3351_95_1764,verified_correct,
hotpotqa_528_0,hotpotqa,1516_1514_1089_2712_2240,verified_incorrect,
hotpotqa_525_0,hotpotqa,215_1434_2825_634,verified_incorrect,
hotpotqa_526_0,hotpotqa,2814_808_2690_1992,verified_correct,
hotpotqa_533_0,hotpotqa,3937_3934_2343_1416_3861,verified_correct,
hotpotqa_531_0,hotpotqa,695_3345_1485_1768,verified_correct,
hotpotqa_532_0,hotpotqa,2961_3984_2997_2070,verified_correct,
hotpotqa_534_0,hotpotqa,3243_451_2211_1488_2694,verified_correct,
hotpotqa_530_0,hotpotqa,1212_1076_3705_2068_3092,verified_incorrect,
hotpotqa_537_0,hotpotqa,2087_175_1219_1789,verified_correct,
hotpotqa_539_0,hotpotqa,1734_245_2282_3594,verified_incorrect,
hotpotqa_538_0,hotpotqa,2523_2319_0_1017,verified_correct,
hotpotqa_535_0,hotpotqa,3123_3214_3542_3333,verified_incorrect,
hotpotqa_540_0,hotpotqa,685_1402_133_3370,verified_correct,
hotpotqa_543_0,hotpotqa,2369_3308_1441_1501_1296,verified_correct,
hotpotqa_544_0,hotpotqa,2757_334_111_1313,verified_correct,
hotpotqa_541_0,hotpotqa,559_1920_775_3560,verified_correct,
hotpotqa_542_0,hotpotqa,2594_312_3605_2935_2073,verified_correct,
hotpotqa_545_0,hotpotqa,2839_2962_827_2433_1902,verified_correct,
hotpotqa_549_0,hotpotqa,2108_726_173_2512_2754,verified_correct,
hotpotqa_548_0,hotpotqa,3056_1022_3707_3237_3021,verified_correct,
hotpotqa_546_0,hotpotqa,2176_3980_1942_214_1171,verified_correct,
hotpotqa_547_0,hotpotqa,2545_401_2907_1143,verified_correct,
hotpotqa_553_0,hotpotqa,2388_1413_1852_1062,execution_failed,TypeError
hotpotqa_550_0,hotpotqa,3830_3878_2193_1392_2711,verified_correct,
hotpotqa_554_0,hotpotqa,3743_3919_716_165,verified_correct,
hotpotqa_552_0,hotpotqa,577_1854_1954_2532_1060,verified_correct,
hotpotqa_551_0,hotpotqa,3604_1667_3476_3801,verified_correct,
hotpotqa_559_0,hotpotqa,2550_2692_2638_2313,verified_correct,
hotpotqa_557_0,hotpotqa,1304_1366_3529_2664,verified_correct,
hotpotqa_556_0,hotpotqa,336_3071_1502_1319_1594,verified_correct,
hotpotqa_555_0,hotpotqa,2166_2817_2998_417_3386,verified_correct,
hotpotqa_558_0,hotpotqa,1073_561_467_584_2350,verified_correct,
hotpotqa_562_0,hotpotqa,839_117_1180_2585,verified_correct,
hotpotqa_560_0,hotpotqa,294_141_1883_900_338,verified_correct,
hotpotqa_563_0,hotpotqa,1040_3270_256_3350,verified_correct,
hotpotqa_564_0,hotpotqa,730_2876_747_1919_362,verified_correct,
hotpotqa_561_0,hotpotqa,2310_460_3942_3152,verified_incorrect,
hotpotqa_565_0,hotpotqa,1801_3600_1122_3575,verified_correct,
hotpotqa_566_0,hotpotqa,2332_1608_3981_3435_3619,verified_correct,
hotpotqa_569_0,hotpotqa,1385_3122_1020_3606,verified_correct,
hotpotqa_567_0,hotpotqa,2963_3528_560_2122,verified_correct,
hotpotqa_568_0,hotpotqa,3772_3759_2976_1187_2820,verified_correct,
hotpotqa_574_0,hotpotqa,596_1763_456_2411,verified_correct,
hotpotqa_572_0,hotpotqa,1605_3419_2971_2187,verified_correct,
hotpotqa_571_0,hotpotqa,2475_3982_3027_2427_3672,verified_correct,
hotpotqa_573_0,hotpotqa,3076_91_960_3327,verified_correct,
hotpotqa_579_0,hotpotqa,3638_1531_2609_3209,verified_correct,
hotpotqa_577_0,hotpotqa,2579_858_261_1166,verified_incorrect,
hotpotqa_578_0,hotpotqa,1476_3089_2131_2821_2836,verified_correct,
hotpotqa_576_0,hotpotqa,1738_1209_3810_939_89,verified_correct,
hotpotqa_575_0,hotpotqa,3536_3787_3191_356,verified_correct,
hotpotqa_583_0,hotpotqa,458_3596_307_410_1378,verified_correct,
hotpotqa_582_0,hotpotqa,1776_1742_3895_381_2511,verified_correct,
hotpotqa_581_0,hotpotqa,3935_2834_879_2584,verified_correct,
hotpotqa_584_0,hotpotqa,2737_1297_394_2147_304,verified_correct,
hotpotqa_580_0,hotpotqa,1781_255_1907_2745_1722,verified_correct,
hotpotqa_586_0,hotpotqa,3093_1175_1113_1595,verified_correct,
hotpotqa_589_0,hotpotqa,2438_3712_2281_2769_1969,verified_correct,
hotpotqa_587_0,hotpotqa,1615_1856_1527_1442,verified_correct,
hotpotqa_588_0,hotpotqa,1709_2067_3517_2720,verified_correct,
hotpotqa_585_0,hotpotqa,2246_463_443_3150_692,verified_correct,
hotpotqa_593_0,hotpotqa,2459_612_224_3903,verified_correct,
hotpotqa_594_0,hotpotqa,703_1727_3176_643,verified_correct,
hotpotqa_591_0,hotpotqa,1317_2178_1944_2057,verified_correct,
hotpotqa_590_0,hotpotqa,2489_3453_1066_444,verified_correct,
hotpotqa_592_0,hotpotqa,2443_73_2629_535_3282,verified_correct,
hotpotqa_596_0,hotpotqa,1576_3059_597_1271,verified_correct,
hotpotqa_595_0,hotpotqa,3999_1607_490_2463_3222,verified_correct,
hotpotqa_599_0,hotpotqa,1574_2958_3158_3260_68,verified_correct,
hotpotqa_598_0,hotpotqa,3513_1477_16_3113_2397,verified_correct,
hotpotqa_597_0,hotpotqa,3397_1006_2524_973_2236,verified_correct,
hotpotqa_600_0,hotpotqa,2982_2648_1880_2043_2123,verified_incorrect,
hotpotqa_604_0,hotpotqa,1239_1358_3198_3726,verified_incorrect,
hotpotqa_602_0,hotpotqa,2732_2389_1111_2201_1936,verified_incorrect,
hotpotqa_601_0,hotpotqa,2599_3210_1793_86,verified_correct,
hotpotqa_603_0,hotpotqa,1999_3335_3220_271_3195,verified_correct,
hotpotqa_607_0,hotpotqa,1453_120_1087_2796,verified_correct,
hotpotqa_608_0,hotpotqa,2204_3458_3928_906,verified_incorrect,
hotpotqa_609_0,hotpotqa,2816_357_3319_2167_749,verified_correct,
hotpotqa_605_0,hotpotqa,281_835_2168_3553,verified_incorrect,
hotpotqa_606_0,hotpotqa,2188_1646_3901_621_2955,verified_correct,
hotpotqa_614_0,hotpotqa,1047_2627_2992_3685_3312,verified_correct,
hotpotqa_611_0,hotpotqa,504_3997_2651_2888_2521,verified_correct,
hotpotqa_613_0,hotpotqa,946_2655_2265_2294_2038,verified_correct,
hotpotqa_612_0,hotpotqa,251_2335_1900_3524_1064,verified_correct,
hotpotqa_610_0,hotpotqa,626_3329_2098_2804,verified_correct,
hotpotqa_619_0,hotpotqa,2198_3693_3394_3388_1044,verified_correct,
hotpotqa_618_0,hotpotqa,3916_1621_2034_3136_3233,verified_correct,
hotpotqa_615_0,hotpotqa,3627_1129_1563_1018_2507,verified_correct,
hotpotqa_617_0,hotpotqa,2628_633_1761_2304_238,verified_correct,
hotpotqa_616_0,hotpotqa,2022_3365_2393_1657_698,verified_correct,
hotpotqa_620_0,hotpotqa,3650_957_3803_3520,verified_correct,
hotpotqa_624_0,hotpotqa,51_320_3841_1140,verified_correct,
hotpotqa_622_0,hotpotqa,816_3067_2957_1104_3135,verified_correct,
hotpotqa_621_0,hotpotqa,1422_2325_1890_427,verified_correct,
hotpotqa_623_0,hotpotqa,1065_3584_3007_491,verified_correct,
hotpotqa_627_0,hotpotqa,1070_1156_3962_2596,verified_correct,
hotpotqa_625_0,hotpotqa,102_1247_420_3292_1192,verified_incorrect,
hotpotqa_628_0,hotpotqa,237_1901_2105_2094,verified_incorrect,
hotpotqa_629_0,hotpotqa,534_3573_784_412_982,verified_correct,
hotpotqa_626_0,hotpotqa,1609_1033_1593_549,verified_correct,
hotpotqa_634_0,hotpotqa,1489_1387_2800_3697,verified_correct,
hotpotqa_630_0,hotpotqa,3647_1386_672_3107,verified_correct,
hotpotqa_631_0,hotpotqa,31_1603_3654_1117_1379,verified_correct,
hotpotqa_633_0,hotpotqa,2307_2056_1739_1411_866,verified_correct,
hotpotqa_632_0,hotpotqa,993_3779_2520_414_2556,verified_correct,
hotpotqa_639_0,hotpotqa,666_769_1896_1074,execution_failed,KeyError
hotpotqa_635_0,hotpotqa,3545_1068_628_874,verified_correct,
hotpotqa_637_0,hotpotqa,3183_246_1373_404,verified_correct,
hotpotqa_638_0,hotpotqa,3487_3660_3001_3249_3926,verified_correct,
hotpotqa_636_0,hotpotqa,1842_1279_3271_134,verified_correct,
hotpotqa_644_0,hotpotqa,1310_562_2750_2849,verified_correct,
hotpotqa_642_0,hotpotqa,3882_1525_731_2093,verified_correct,
hotpotqa_641_0,hotpotqa,1102_3367_3037_2855_450,verified_correct,
hotpotqa_640_0,hotpotqa,3403_2607_1678_2064,verified_correct,
hotpotqa_643_0,hotpotqa,2451_2717_2169_2470_3756,verified_correct,
hotpotqa_646_0,hotpotqa,1243_537_3561_1571,verified_correct,
hotpotqa_648_0,hotpotqa,3166_967_796_676,verified_correct,
hotpotqa_647_0,hotpotqa,2716_3641_1470_1725,verified_correct,
hotpotqa_645_0,hotpotqa,2688_2728_2499_1708,verified_correct,
hotpotqa_649_0,hotpotqa,971_168_3746_2625_2696,verified_correct,
hotpotqa_650_0,hotpotqa,3128_3139_2835_641_1521,verified_correct,
hotpotqa_653_0,hotpotqa,940_3667_593_1452_2141,verified_correct,
hotpotqa_652_0,hotpotqa,3602_2854_3024_2097_3631,verified_correct,
hotpotqa_651_0,hotpotqa,1813_2613_2109_3547_495,verified_correct,
hotpotqa_654_0,hotpotqa,2885_3636_2392_3068,verified_correct,
hotpotqa_655_0,hotpotqa,1921_932_3846_3673,verified_correct,
hotpotqa_656_0,hotpotqa,3987_2741_711_2842_2527,verified_correct,
hotpotqa_658_0,hotpotqa,2805_2159_3548_1645_995,verified_correct,
hotpotqa_657_0,hotpotqa,2447_1338_3885_3843_3492,verified_correct,
hotpotqa_659_0,hotpotqa,25_2501_235_2441_3288,verified_incorrect,
hotpotqa_663_0,hotpotqa,3389_2292_3279_3567_1779,verified_incorrect,
hotpotqa_661_0,hotpotqa,3028_2247_3674_3041,verified_correct,
hotpotqa_662_0,hotpotqa,388_2657_3709_3475,verified_correct,
hotpotqa_664_0,hotpotqa,3975_93_3142_2029_1675,verified_correct,
hotpotqa_660_0,hotpotqa,1276_435_2785_262,verified_correct,
hotpotqa_668_0,hotpotqa,2156_743_1417_340,verified_correct,
hotpotqa_666_0,hotpotqa,2396_3478_3264_2531_1715,verified_correct,
hotpotqa_665_0,hotpotqa,3493_2824_2213_1671,verified_correct,
hotpotqa_667_0,hotpotqa,969_1131_2045_3315,verified_incorrect,
hotpotqa_669_0,hotpotqa,3452_449_989_3767_1041,verified_correct,
hotpotqa_673_0,hotpotqa,3828_2170_369_2195_428,verified_correct,
hotpotqa_671_0,hotpotqa,3807_1589_3433_576_1099,verified_correct,
hotpotqa_670_0,hotpotqa,1864_2621_1383_1014_514,verified_incorrect,
hotpotqa_672_0,hotpotqa,1361_299_2726_3651,verified_correct,
hotpotqa_674_0,hotpotqa,3988_400_1482_2749_1816,verified_correct,
hotpotqa_676_0,hotpotqa,2697_2013_1870_186,execution_failed,ValidationError
hotpotqa_677_0,hotpotqa,1303_861_3558_1307,verified_correct,
hotpotqa_679_0,hotpotqa,2784_3137_2027_860,verified_correct,
hotpotqa_678_0,hotpotqa,1720_3664_3474_2788,verified_correct,
hotpotqa_675_0,hotpotqa,1270_2102_3165_2859,verified_correct,
hotpotqa_680_0,hotpotqa,3739_390_1393_539_1821,verified_incorrect,
hotpotqa_683_0,hotpotqa,794_2145_578_2803,verified_correct,
hotpotqa_681_0,hotpotqa,1719_15_2932_1030,verified_correct,
hotpotqa_684_0,hotpotqa,65_3581_184_447,verified_correct,
hotpotqa_682_0,hotpotqa,1580_3490_2540_3496_2330,verified_incorrect,
hotpotqa_685_0,hotpotqa,1857_3188_3317_2778_615,verified_correct,
hotpotqa_689_0,hotpotqa,2370_2349_1139_2072,verified_correct,
hotpotqa_687_0,hotpotqa,555_2428_844_1449,verified_correct,
hotpotqa_686_0,hotpotqa,480_1324_39_3923_1815,verified_correct,
hotpotqa_688_0,hotpotqa,78_661_1565_3457,verified_correct,
hotpotqa_693_0,hotpotqa,791_488_1108_3715,verified_correct,
hotpotqa_692_0,hotpotqa,2519_1274_211_1232_1830,verified_correct,
hotpotqa_691_0,hotpotqa,2407_1258_2999_3427_3133,verified_correct,
hotpotqa_694_0,hotpotqa,1624_2650_3586_1640,verified_correct,
hotpotqa_690_0,hotpotqa,1348_382_2113_2367_2847,verified_incorrect,
hotpotqa_695_0,hotpotqa,418_2207_594_129,verified_incorrect,
hotpotqa_696_0,hotpotqa,3590_473_2810_3789,verified_correct,
hotpotqa_699_0,hotpotqa,502_3409_1267_2227,verified_correct,
hotpotqa_697_0,hotpotqa,17_1036_1878_3508_1112,verified_correct,
hotpotqa_698_0,hotpotqa,2163_550_2460_3968,verified_incorrect,
hotpotqa_704_0,hotpotqa,464_3072_590_376,verified_correct,
hotpotqa_702_0,hotpotqa,1848_2399_3353_2659_1011,verified_incorrect,
hotpotqa_700_0,hotpotqa,671_3293_49_2086_657,verified_correct,
hotpotqa_703_0,hotpotqa,642_1691_2978_2755,verified_correct,
hotpotqa_701_0,hotpotqa,1935_2798_3456_1406,verified_correct,
hotpotqa_706_0,hotpotqa,3749_2256_1584_461_3440,execution_failed,ValidationError
hotpotqa_708_0,hotpotqa,1000_3992_937_3069_176,verified_correct,
hotpotqa_705_0,hotpotqa,1871_994_423_2253_1759,verified_incorrect,
hotpotqa_707_0,hotpotqa,3826_1534_2023_3768_2219,verified_correct,
hotpotqa_709_0,hotpotqa,408_768_3464_1349,verified_correct,
hotpotqa_713_0,hotpotqa,1144_2251_1905_110_833,verified_incorrect,
hotpotqa_714_0,hotpotqa,1429_2660_3387_2306_1420,verified_correct,
hotpotqa_712_0,hotpotqa,2867_3856_3182_385,verified_correct,
hotpotqa_710_0,hotpotqa,1991_1456_1818_283,verified_correct,
hotpotqa_711_0,hotpotqa,1215_2262_259_2973,verified_correct,
hotpotqa_718_0,hotpotqa,3481_2111_3546_1581_2539,verified_correct,
hotpotqa_716_0,hotpotqa,505_1561_3256_85_1023,verified_incorrect,
hotpotqa_717_0,hotpotqa,166_705_977_2488_918,verified_correct,
hotpotqa_715_0,hotpotqa,3132_1785_3676_3428,verified_correct,
hotpotqa_719_0,hotpotqa,375_2646_631_3120_1120,verified_correct,
hotpotqa_722_0,hotpotqa,1997_2634_1827_1176_2366,verified_correct,
hotpotqa_721_0,hotpotqa,3213_2273_1019_2267_1904,verified_correct,
hotpotqa_723_0,hotpotqa,2014_1024_2345_2770,verified_correct,
hotpotqa_720_0,hotpotqa,282_1795_479_9_2509,verified_correct,
hotpotqa_724_0,hotpotqa,532_344_477_2119_1822,verified_correct,
hotpotqa_727_0,hotpotqa,1233_3276_2877_2925,verified_incorrect,
hotpotqa_728_0,hotpotqa,1749_76_2914_2136_1431,verified_correct,
hotpotqa_729_0,hotpotqa,1159_1154_3034_2874_2748,verified_incorrect,
hotpotqa_725_0,hotpotqa,1201_3956_1914_811,verified_correct,
hotpotqa_726_0,hotpotqa,3413_511_364_1684_2446,verified_correct,
hotpotqa_732_0,hotpotqa,332_3321_2263_1362,verified_incorrect,
hotpotqa_733_0,hotpotqa,781_563_2813_1752_528,verified_correct,
hotpotqa_731_0,hotpotqa,198_1490_998_1438_2381,verified_correct,
hotpotqa_734_0,hotpotqa,2220_1692_2559_207,verified_correct,
hotpotqa_730_0,hotpotqa,2691_2401_1182_248_1522,verified_incorrect,
hotpotqa_735_0,hotpotqa,2586_3961_1098_2431_328,verified_correct,
hotpotqa_738_0,hotpotqa,77_2418_2430_3869_2295,verified_correct,
hotpotqa_739_0,hotpotqa,486_3115_3046_3042,verified_correct,
hotpotqa_737_0,hotpotqa,1116_1427_3887_476,verified_correct,
hotpotqa_736_0,hotpotqa,766_3063_347_3549_869,verified_correct,
hotpotqa_742_0,hotpotqa,2417_2402_1320_1569,verified_correct,
hotpotqa_744_0,hotpotqa,591_2772_754_997_859,verified_correct,
hotpotqa_741_0,hotpotqa,717_2899_88_2472,verified_correct,
hotpotqa_743_0,hotpotqa,1384_1135_1799_3459,verified_correct,
hotpotqa_740_0,hotpotqa,1958_3343_3850_1148_608,verified_correct,
hotpotqa_746_0,hotpotqa,1731_2425_3714_871,verified_correct,
hotpotqa_745_0,hotpotqa,2735_275_2423_3342_2062,verified_correct,
hotpotqa_749_0,hotpotqa,907_1052_2484_193_3479,verified_correct,
hotpotqa_748_0,hotpotqa,1998_1846_200_109,verified_correct,
hotpotqa_747_0,hotpotqa,894_415_1520_2208_2016,verified_incorrect,
hotpotqa_751_0,hotpotqa,218_41_462_2683_1844,verified_correct,
hotpotqa_754_0,hotpotqa,1200_2734_3820_2040,verified_correct,
hotpotqa_752_0,hotpotqa,1620_3316_2616_3161_1663,verified_correct,
hotpotqa_750_0,hotpotqa,3727_2626_2042_1377,verified_correct,
hotpotqa_753_0,hotpotqa,1414_3025_2719_2274_289,verified_incorrect,
hotpotqa_757_0,hotpotqa,3108_2151_825_2218,verified_correct,
hotpotqa_758_0,hotpotqa,3704_46_2572_1340_310,verified_correct,
hotpotqa_759_0,hotpotqa,3599_1804_3847_1566_3538,verified_correct,
hotpotqa_755_0,hotpotqa,353_2391_2777_306,verified_correct,
hotpotqa_756_0,hotpotqa,2020_1293_3744_2493,verified_correct,
hotpotqa_760_0,hotpotqa,3336_60_3695_3645_2080,verified_correct,
hotpotqa_762_0,hotpotqa,3762_3621_943_1648_2529,verified_correct,
hotpotqa_761_0,hotpotqa,1910_323_1797_2243_2205,verified_correct,
hotpotqa_763_0,hotpotqa,3888_2368_701_1825,verified_correct,
hotpotqa_764_0,hotpotqa,194_2242_3215_1287_494,verified_correct,
hotpotqa_769_0,hotpotqa,2896_1735_127_2048_3644,verified_correct,
hotpotqa_768_0,hotpotqa,492_3040_1412_1536,verified_correct,
hotpotqa_767_0,hotpotqa,3601_2950_163_770,verified_correct,
hotpotqa_765_0,hotpotqa,719_3268_3086_3331_324,verified_correct,
hotpotqa_766_0,hotpotqa,2991_1408_1508_1371_516,verified_correct,
hotpotqa_773_0,hotpotqa,1583_1443_1174_3946_1964,verified_correct,
hotpotqa_770_0,hotpotqa,2631_3077_2704_3097_2454,verified_correct,
hotpotqa_771_0,hotpotqa,1656_2336_2120_1917_609,verified_incorrect,
hotpotqa_774_0,hotpotqa,1912_3694_3173_3976,verified_correct,
hotpotqa_772_0,hotpotqa,3094_2289_783_1391,verified_correct,
hotpotqa_777_0,hotpotqa,1523_3778_1433_635_950,verified_correct,
hotpotqa_775_0,hotpotqa,3668_2715_3423_3966_3582,verified_correct,
hotpotqa_778_0,hotpotqa,1606_3005_586_763,verified_correct,
hotpotqa_776_0,hotpotqa,882_1450_3154_750_1094,verified_correct,
hotpotqa_779_0,hotpotqa,952_3505_3267_2547,verified_correct,
hotpotqa_781_0,hotpotqa,3659_1780_319_1681,verified_incorrect,
hotpotqa_780_0,hotpotqa,3134_2753_3014_363,verified_correct,
hotpotqa_782_0,hotpotqa,203_850_1861_1847,verified_correct,
hotpotqa_783_0,hotpotqa,944_1231_398_2285_1376,verified_incorrect,
hotpotqa_784_0,hotpotqa,1339_2905_3506_61_2979,verified_correct,
hotpotqa_785_0,hotpotqa,605_755_602_3272_3466,verified_correct,
hotpotqa_788_0,hotpotqa,2764_391_1701_2046_991,verified_correct,
hotpotqa_786_0,hotpotqa,1461_131_3662_2904_746,verified_correct,
hotpotqa_787_0,hotpotqa,35_1751_3624_848,verified_correct,
hotpotqa_789_0,hotpotqa,1858_942_2384_2924,verified_correct,
hotpotqa_790_0,hotpotqa,3822_1787_1137_2612,verified_correct,
hotpotqa_794_0,hotpotqa,2315_3555_1249_2362,verified_correct,
hotpotqa_793_0,hotpotqa,2464_592_1492_1872_2231,verified_correct,
hotpotqa_792_0,hotpotqa,1803_826_2373_870,verified_correct,
hotpotqa_791_0,hotpotqa,3283_3083_3911_3275,verified_correct,
hotpotqa_798_0,hotpotqa,2510_1509_1057_3301,verified_correct,
hotpotqa_797_0,hotpotqa,3790_1949_178_3681_3764,verified_correct,
hotpotqa_796_0,hotpotqa,2473_3373_3162_1196,verified_correct,
hotpotqa_799_0,hotpotqa,2537_3706_2566_1380_3251,verified_correct,
hotpotqa_795_0,hotpotqa,3679_1480_2135_3109_483,verified_correct,
hotpotqa_802_0,hotpotqa,2774_1029_1134_3330_411,verified_correct,
hotpotqa_804_0,hotpotqa,3629_1484_455_829_2952,verified_correct,
hotpotqa_800_0,hotpotqa,3383_3080_3780_2283_929,verified_correct,
hotpotqa_801_0,hotpotqa,3217_2260_934_3625_1946,verified_correct,
hotpotqa_803_0,hotpotqa,3434_1034_3372_624_729,verified_correct,
hotpotqa_806_0,hotpotqa,1974_3204_101_2887,verified_correct,
hotpotqa_807_0,hotpotqa,1500_392_3244_239,verified_correct,
hotpotqa_808_0,hotpotqa,358_2990_1305_1220_1711,verified_correct,
hotpotqa_809_0,hotpotqa,3380_3574_1177_3931,verified_correct,
hotpotqa_805_0,hotpotqa,2518_638_2486_1771,verified_incorrect,
hotpotqa_810_0,hotpotqa,3364_3805_1323_3936,verified_correct,
hotpotqa_813_0,hotpotqa,1644_3735_3836_1046,verified_incorrect,
hotpotqa_812_0,hotpotqa,3646_66_3866_2403,verified_incorrect,
hotpotqa_811_0,hotpotqa,123_1993_3263_553,verified_incorrect,
hotpotqa_814_0,hotpotqa,1439_1548_2587_3722_3613,verified_correct,
hotpotqa_818_0,hotpotqa,1161_2918_3689_1328_1829,verified_correct,
hotpotqa_819_0,hotpotqa,1636_3326_2091_2406,verified_correct,
hotpotqa_816_0,hotpotqa,430_3415_3557_3241,verified_correct,
hotpotqa_817_0,hotpotqa,3314_37_2180_3375_3447,verified_correct,
hotpotqa_815_0,hotpotqa,1445_2347_2002_1165,verified_correct,
hotpotqa_820_0,hotpotqa,3495_180_2103_708_1199,verified_correct,
hotpotqa_824_0,hotpotqa,1977_1933_878_3299_3064,verified_correct,
hotpotqa_822_0,hotpotqa,3295_162_911_2938_767,verified_correct,
hotpotqa_821_0,hotpotqa,28_3269_1558_1716,verified_correct,
hotpotqa_823_0,hotpotqa,503_2618_3300_1770,verified_correct,
hotpotqa_825_0,hotpotqa,2173_433_3022_100,verified_correct,
hotpotqa_827_0,hotpotqa,1690_958_459_1783_229,verified_correct,
hotpotqa_828_0,hotpotqa,367_2569_1791_130,verified_correct,
hotpotqa_829_0,hotpotqa,1746_3205_3384_3666,verified_correct,
hotpotqa_826_0,hotpotqa,72_2444_1660_3000,verified_incorrect,
hotpotqa_831_0,hotpotqa,1043_3733_1619_2364,verified_correct,
hotpotqa_832_0,hotpotqa,1873_2018_3996_2096,verified_correct,
hotpotqa_833_0,hotpotqa,748_2106_2483_439_3691,verified_correct,
hotpotqa_834_0,hotpotqa,3938_2906_225_2989,verified_incorrect,
hotpotqa_830_0,hotpotqa,1163_221_20_2128,verified_correct,
hotpotqa_835_0,hotpotqa,649_1697_1945_183_928,verified_correct,
hotpotqa_839_0,hotpotqa,2328_3670_330_936,verified_correct,
hotpotqa_838_0,hotpotqa,3702_3774_1478_1272_3099,verified_correct,
hotpotqa_837_0,hotpotqa,2222_191_742_3219,verified_incorrect,
hotpotqa_836_0,hotpotqa,3688_700_1732_1375,verified_correct,
hotpotqa_843_0,hotpotqa,1718_2504_868_2065_2674,verified_correct,
hotpotqa_842_0,hotpotqa,2875_3227_1436_3580_1333,verified_correct,
hotpotqa_844_0,hotpotqa,302_277_786_82,verified_correct,
hotpotqa_841_0,hotpotqa,3556_2142_3552_2495_2592,verified_incorrect,
hotpotqa_840_0,hotpotqa,2949_2506_1142_3723_1807,verified_incorrect,
hotpotqa_848_0,hotpotqa,2703_205_3995_3368_2171,verified_correct,
hotpotqa_846_0,hotpotqa,322_2830_1222_1967,verified_correct,
hotpotqa_849_0,hotpotqa,2676_1567_688_959_896,verified_correct,
hotpotqa_845_0,hotpotqa,2026_3671_3974_3140_1075,verified_correct,
hotpotqa_847_0,hotpotqa,1226_1101_3967_2573_1178,verified_incorrect,
hotpotqa_853_0,hotpotqa,931_1626_849_521,verified_correct,
hotpotqa_850_0,hotpotqa,1641_908_1723_40,verified_correct,
hotpotqa_851_0,hotpotqa,58_2298_646_1547_2751,verified_correct,
hotpotqa_852_0,hotpotqa,1497_3223_343_2226_2870,verified_correct,
hotpotqa_854_0,hotpotqa,3927_3794_373_2485_1063,verified_correct,
hotpotqa_859_0,hotpotqa,1587_2162_1845_1551_873,verified_correct,
hotpotqa_855_0,hotpotqa,727_2558_371_3784,verified_correct,
hotpotqa_858_0,hotpotqa,3908_1586_3889_1194,verified_correct,
hotpotqa_856_0,hotpotqa,3310_1268_883_2945_389,verified_correct,
hotpotqa_857_0,hotpotqa,3376_3313_3261_2562,verified_correct,
hotpotqa_860_0,hotpotqa,2327_670_2225_1916,verified_correct,
hotpotqa_862_0,hotpotqa,1026_1077_36_1264_961,verified_correct,
hotpotqa_863_0,hotpotqa,832_3589_569_1056,verified_correct,
hotpotqa_864_0,hotpotqa,1185_292_2944_1782_1114,verified_correct,
hotpotqa_869_0,hotpotqa,2419_137_2895_106_1552,verified_correct,
hotpotqa_865_0,hotpotqa,2055_171_2515_59_333,verified_correct,
hotpotqa_866_0,hotpotqa,1673_2996_3277_1518,verified_correct,
hotpotqa_867_0,hotpotqa,352_359_619_1506,verified_correct,
hotpotqa_868_0,hotpotqa,3917_2600_355_2689,verified_correct,
hotpotqa_870_0,hotpotqa,527_1474_2598_2840,verified_correct,
hotpotqa_873_0,hotpotqa,903_2670_3730_147,verified_correct,
hotpotqa_872_0,hotpotqa,880_2762_2605_446,verified_correct,
hotpotqa_874_0,hotpotqa,2031_1322_2826_1245,verified_correct,
hotpotqa_871_0,hotpotqa,3583_3019_1153_913_1819,verified_correct,
hotpotqa_876_0,hotpotqa,709_1399_2248_2386_1956,verified_correct,
hotpotqa_878_0,hotpotqa,3661_2077_659_2832,verified_correct,
hotpotqa_875_0,hotpotqa,3378_188_970_1306,verified_correct,
hotpotqa_879_0,hotpotqa,3035_2259_1696_707_1150,verified_correct,
hotpotqa_877_0,hotpotqa,13_922_3853_1876_1612,verified_correct,
hotpotqa_881_0,hotpotqa,545_1986_790_789,verified_correct,
hotpotqa_884_0,hotpotqa,1189_1475_3246_3740_1191,verified_correct,
hotpotqa_880_0,hotpotqa,1965_1851_1345_2557_713,verified_correct,
hotpotqa_882_0,hotpotqa,2437_2589_2549_2261,verified_correct,
hotpotqa_883_0,hotpotqa,2462_348_3563_884,verified_correct,
hotpotqa_887_0,hotpotqa,1957_1028_1943_1869_2005,verified_correct,
hotpotqa_888_0,hotpotqa,140_506_3831_1217,verified_correct,
hotpotqa_885_0,hotpotqa,663_1577_2571_1260,verified_correct,
hotpotqa_889_0,hotpotqa,2069_3808_3477_1655,verified_correct,
hotpotqa_886_0,hotpotqa,2792_2395_2390_3411,verified_correct,
hotpotqa_890_0,hotpotqa,3091_1390_1428_1602,verified_correct,
hotpotqa_891_0,hotpotqa,1157_1468_3153_3844_2500,verified_correct,
